password,username
123456,admin
123456,cruqnuQ
123456,uGGjIpS
123456,HmallBl
123456,UolgsMf
123456,VuKmgeq
123456,fdhcwgH
123456,nxJttrL
123456,FZkVsGz
123456,PdMkPoF
123456,dkYyuVO
123456,JXOMrQD
123456,jPRGitH
123456,IHGLBrB
123456,XWCnbnd
123456,EbMhmex
123456,NXGfISr
123456,fkDWijs
123456,CLwFpMy
123456,ogryGBR
123456,biJKDzz
123456,AMagDIq
123456,ZSnvuTk
123456,PRZjokT
123456,eQEqeOA
123456,jRIyXWS
123456,pgCnfMW
123456,lBbSLNC
123456,cGUDaIi
123456,nXFHWIx
123456,ADEEvbs
123456,YcyRsiN
123456,mSqSzXq
123456,vhwttlZ
123456,HNnfRkE
123456,uHFNvWN
123456,hZBPtHL
123456,amLICHH
123456,GDSYSSy
123456,wgvAZcQ
123456,qMfLQgO
123456,fuWRBbu
123456,VCBOIuJ
123456,LyLOqqA
123456,CkGWNdE
123456,cLcFvxY
123456,QAwglSK
123456,zwmpaGC
123456,qwTWXxZ
123456,VOgYbGG
123456,vJHsIXO
123456,QwiPsmK
123456,klWlHve
123456,uXWlOEc
123456,gpZnWbT
123456,OUlRzme
123456,DxFisce
123456,KgJAjuc
123456,WizCUhQ
123456,UwYGusu
123456,NpAmWEa
123456,LiibQlw
123456,cywrxUn
123456,kvobUsf
123456,DhmgSmY
123456,WJjdlvc
123456,bCfsnfB
123456,DJrqEKq
123456,hFuGfaY
123456,AbxIWfN
123456,pbRuUut
123456,jdhszhp
123456,BupSwhC
123456,QphKwCE
123456,fPhOzCF
123456,XNjgfCg
123456,fUrQuwn
123456,oiatcdi
123456,WAehZLm
123456,vLBnBOx
123456,rrllcyb
123456,iUUlNhQ
123456,xEQiqPS
123456,pCnbzQh
123456,murgePr
123456,HRBHCkB
123456,XYjBwzd
123456,cSuvfTf
123456,KiXxwDs
123456,nmkPLgU
123456,YQBDImh
123456,PJFlkUw
123456,mRWratU
123456,aQnuYvN
123456,mFKRLrj
123456,jVzDjIW
123456,fbiaptR
123456,gAzGHpo
123456,XmXqsIE
123456,CnxjMZa
123456,hhlybsY
123456,vZQbAHQ
123456,ChtoVlM
123456,UFxgHol
123456,JyOozBp
123456,BeDkUiB
123456,sggQXvG
123456,ofBKmwn
123456,vSunTym
123456,oJCCLzs
123456,UZYasxl
123456,grCNApe
123456,scKzYZF
123456,zTjZbau
123456,ygnIEJX
123456,dTphbUi
123456,ugPICOS
123456,UlSpptd
123456,gQsLEcl
123456,ulUaPWu
123456,JJiSaHW
123456,DpVRSJP
123456,XFUUDHe
123456,VkXZibz
123456,TMcykqS
123456,GnOMDIQ
123456,nzPkyHk
123456,pauPKCV
123456,cVGShQg
123456,frfgTFt
123456,bhfrfpx
123456,PWLyCAP
123456,MkyalmF
123456,UXiQTRv
123456,wJqcGPf
123456,KGYdCbV
123456,dGSWeAJ
123456,iZBhtKv
123456,jkWWJbl
123456,exaMioB
123456,RitpyKL
123456,cvCNSbS
123456,KSbLWwz
123456,lEBRVUW
123456,AewjfLI
123456,zsIQsYG
123456,UkPmnTE
123456,CPBjvcN
123456,MfPzdvn
123456,PcFNLfr
123456,RrZLZpG
123456,YRzGcYC
123456,OMGUcZj
123456,uTzdAcT
123456,yZUDutK
123456,XMuPAvX
123456,pcvSFpi
123456,sHmvBlA
123456,tXLKlRi
123456,dyxqIlB
123456,vPimJfW
123456,LIcrdXs
123456,GNDdMYR
123456,WloOQuD
123456,LTFbdoS
123456,pJlEoqH
123456,Xftlmza
123456,feqpLGM
123456,TstswPy
123456,ZxLfvzy
123456,WhbSHcJ
123456,iyNdoeC
123456,tBZqJNo
123456,csKmFYo
123456,UxiVWFX
123456,ruDzTjl
123456,RShrjTc
123456,DVMXmsi
123456,IheslfB
123456,HpWXsqC
123456,vfTppBr
123456,NxeRBOU
123456,ViZwAvV
123456,mwkFskb
123456,TQwtlDg
123456,HpzDuti
123456,qdFxTGJ
123456,TaNvezU
123456,TMucmYD
123456,tsYdNWe
123456,GDMzdwB
123456,YFzFRmt
123456,gBDAdbj
123456,lUiIdOY
123456,xhDtser
123456,YVgioqU
123456,VYRZLdb
123456,nMkjuuU
123456,zGhLPpl
123456,RcjYLDf
123456,lRDmZxl
123456,LccQeAc
123456,ujzeHAv
123456,Xgrfpzy
123456,sSxDZbc
123456,sxQoFQy
123456,ylVXxkj
123456,mRuWOdq
123456,pBEpbtJ
123456,uXPsEYh
123456,JCqlcPf
123456,xnNbCZR
123456,rRbRktl
123456,rICRWqE
123456,IakXsBC
123456,XTluFbi
123456,OJOIyEk
123456,avNbiBn
123456,rpeOwfo
123456,fNUNbrK
123456,RZXHhDV
123456,rzyecnC
123456,lKJJueM
123456,GfqLpJy
123456,fCHvWjO
123456,wHRSkOp
123456,MjbHBYn
123456,kqYbaag
123456,GleTmPk
123456,rHnBiEm
123456,AALHWrL
123456,hwMlEod
123456,Axdleza
123456,XVmyPKr
123456,mbhuAqC
123456,RNzwqpJ
123456,llCgeIH
123456,sReYZRv
123456,MCVZSYe
123456,OmLqyXF
123456,qgqbciG
123456,NCxlJsD
123456,ofAbHRt
123456,zadJBRy
123456,JoecHPA
123456,PyMaXPX
123456,bpHGSwy
123456,BbDGHZj
123456,MXGhdFU
123456,cFlGBnz
123456,koJicsi
123456,CDQNRLp
123456,EBbUboU
123456,QPivRAc
123456,GUzWATZ
123456,OpNthhf
123456,PvISPvA
123456,JlNooQP
123456,LjLzBxO
123456,TIoecFB
123456,PlmFkIm
123456,bzHxnKN
123456,ewiEiaG
123456,WibIsBb
123456,MDufuvZ
123456,iLrMgwW
123456,YkzAqJS
123456,stKuqOz
123456,UOIUMjK
123456,Aozyucc
123456,bMdIHqz
123456,uLjMItr
123456,euJAYJA
123456,jyZVrPh
123456,pywsPXU
123456,FFneIWZ
123456,wEwqWWS
123456,HnIoEkQ
123456,wJFkeMX
123456,OHufwKx
123456,JlmPCIo
123456,xvTOngR
123456,WToIDJz
123456,luhfmQB
123456,XqWugpR
123456,HdPcRRb
123456,BREaGQi
123456,aeQWMDR
123456,iwdjZbJ
123456,sSVgSXb
123456,hGGcWoD
123456,gmHxgkd
123456,URDAklj
123456,tTjnGbw
123456,SaaiVMg
123456,CeplCrs
123456,ZEyRKzZ
123456,ffQSSGG
123456,JXjuBjE
123456,NRwbLJA
123456,SOifHSD
123456,gHPhkeZ
123456,WTmPidb
123456,cioPryk
123456,yRSoaCi
123456,ZmUspdN
123456,DoKpSnb
123456,vObHgMy
123456,MGDdJkm
123456,RxXzIjk
123456,NIbhswx
123456,ODfwaZY
123456,NEoQrQA
123456,cJyhMLh
123456,VFhNVWs
123456,zqOffUa
123456,jgnmIoC
123456,HkWhrRl
123456,uhsLEIE
123456,EBvyiPQ
123456,jdadfQk
123456,cFeyLTw
123456,OoaMqPf
123456,XtOdXJS
123456,breIdip
123456,rjvVWiY
123456,naAdUNb
123456,XtuCDuF
123456,zVVkNab
123456,vCBAhRl
123456,MAnFtzn
123456,jNscnOg
123456,fklWLLk
123456,cenOiJm
123456,xXTyXyS
123456,myAcIXj
123456,eyCiPlR
123456,qgWCTHl
123456,bAmRNAS
123456,mVoixoR
123456,edFkIfB
123456,PGIavqH
123456,tEgSzQa
123456,vPAqciW
123456,AMQbbJH
123456,RjbyskX
123456,oXmlvQx
123456,MYUdvlg
123456,jdnAevZ
123456,KpaVYGg
123456,aMFPokf
123456,JMuCcQW
123456,NNUUlBu
123456,aQMwZZS
123456,cEFpwAZ
123456,AccyxSL
123456,WhCsUen
123456,LsIVktN
123456,pkHWKMx
123456,KaTwBqK
123456,OXjWbNm
123456,tyBDxcJ
123456,DuVZDtU
123456,SNGtQFL
123456,qwVdcXH
123456,cYqAJOu
123456,UrQdvcp
123456,oLpWBUt
123456,KtgYiTl
123456,PeXAVot
123456,hHcKlVe
123456,QUmgvJW
123456,JZLlTIB
123456,HmvmavV
123456,ossinBN
123456,HLigiLE
123456,aZcIfEq
123456,htOZwYE
123456,kYgsHVp
123456,kAiEsqv
123456,gfhXkON
123456,qXLdXqx
123456,PWCFEsX
123456,sjRlMXe
123456,CWpLUyr
123456,ZpnzdBq
123456,NWNMpRW
123456,LwGUqiU
123456,tboxKeJ
123456,jdcLDqf
123456,wFMkMqr
123456,PYmRGSF
123456,KNoZZWb
123456,DEVqzHp
123456,fRCaSAK
123456,KUPWGHB
123456,HKhDVxm
123456,slAhMRy
123456,flORywy
123456,gJRhkQh
123456,eOAxQfh
123456,DGrESxQ
123456,EYIiNsS
123456,gsiVuCO
123456,iyUEWyA
123456,vUojFsy
123456,WPcRenu
123456,ojaLheB
123456,rXZDhoc
123456,cOriCGa
123456,lRAmTWo
123456,waxaAzz
123456,RlmDtzu
123456,RKhVVTf
123456,rTgFtzQ
123456,DMcfxIO
123456,gGfELwK
123456,ZuiksVi
123456,dbEIfRJ
123456,xhLnKgk
123456,LDkuNrP
123456,hveBEuB
123456,wLmjqmt
123456,hZlgWrl
123456,LVlXuzm
123456,dchsljm
123456,fXWvNuR
123456,svfjrKS
123456,bfqNMDQ
123456,NFivXWL
123456,CcNFglK
123456,oheWdwk
123456,mRWNQJe
123456,TmNwYUi
123456,RdKOpMv
123456,LYwgJlL
123456,cpBOYTB
123456,NgscPyB
123456,nfgXmVQ
123456,IUKOMIO
123456,qpgwVty
123456,FkxyLPQ
123456,iJYyGIq
123456,vNUpcEo
123456,yDOFAAQ
123456,unxUyLo
123456,VvhIqyS
123456,QAXZciq
123456,wKIqnCM
123456,YBPuszM
123456,KPbfccO
123456,NTEvcTB
123456,oLJAuOp
123456,jBPdGdk
123456,pniYHZv
123456,Khyifds
123456,shAazQz
123456,QOBnwkX
123456,tNBlOyG
123456,XRRkVwq
123456,ZKIOTXO
123456,dtaCYUG
123456,yhPFMMY
123456,mhGMWXx
123456,FpSYOmI
123456,XAKXmIn
123456,sWlCtME
123456,LqrDZty
123456,UJizDln
123456,DDuOxdP
123456,MGqtUvF
123456,vlYlnQG
123456,dgIjaXA
123456,ZdFTwSP
123456,wNFlkZt
123456,FagmTJn
123456,QSxcSOH
123456,xpyTtDu
123456,ROFtkwJ
123456,wkevDun
123456,iCWFDgU
123456,njIdXno
123456,tNujWhC
123456,sdkHZsG
123456,NaoWxOI
123456,XDsjSzQ
123456,IVDasDh
123456,MWfePLX
123456,LTvAHvB
123456,giZChQY
123456,KxTgcUU
123456,vzZZlIt
123456,NLizbSq
123456,NpmnEhK
123456,hmSSHYK
123456,cjYThLp
123456,VTZejoW
123456,SKOVYzb
123456,YsLxJul
123456,nnvRGvM
123456,xCOmdxM
