idNumber,name,phone,sex,username
100000500,admin,18716240632,1,admin
100000000,cruqnuQ,18716240631,1,cruqnuQ
100000001,uGGjIpS,15813500860,1,uGGjIpS
100000002,HmallBl,18621747781,1,HmallBl
100000003,UolgsMf,18518204121,1,UolgsMf
100000004,VuKmgeq,13704680306,1,VuKmgeq
100000005,fdhcwgH,13330188385,1,fdhcwgH
100000006,nxJttrL,18686698864,1,nxJttrL
100000007,FZkVsGz,18147351548,1,FZkVsGz
100000008,PdMkPoF,13652496927,1,PdMkPoF
100000009,dkYyuVO,13305758166,1,dkYyuVO
100000010,JXOMrQD,18502133115,1,JXOMrQD
100000011,jPRGitH,15043107752,1,jPRGitH
100000012,IHGLBrB,15834819746,1,IHGLBrB
100000013,XWCnbnd,18949373198,1,XWCnbnd
100000014,EbMhmex,13804303119,1,EbMhmex
100000015,NXGfISr,18603013193,1,NXGfISr
100000016,fkDWijs,13917869573,1,fkDWijs
100000017,CLwFpMy,18645563490,1,CLwFpMy
100000018,ogryGBR,18052285484,1,ogryGBR
100000019,biJKDzz,15085749813,1,biJKDzz
100000020,AMagDIq,18659058818,1,AMagDIq
100000021,ZSnvuTk,13855378734,1,ZSnvuTk
100000022,PRZjokT,13525820551,1,PRZjokT
100000023,eQEqeOA,18895730564,1,eQEqeOA
100000024,jRIyXWS,18082533919,1,jRIyXWS
100000025,pgCnfMW,13702807785,1,pgCnfMW
100000026,lBbSLNC,13348726048,1,lBbSLNC
100000027,cGUDaIi,18561675792,1,cGUDaIi
100000028,nXFHWIx,13857406440,1,nXFHWIx
100000029,ADEEvbs,13683611360,1,ADEEvbs
100000030,YcyRsiN,13780547734,1,YcyRsiN
100000031,mSqSzXq,18622473089,1,mSqSzXq
100000032,vhwttlZ,13804647208,1,vhwttlZ
100000033,HNnfRkE,13957879230,1,HNnfRkE
100000034,uHFNvWN,18848392228,1,uHFNvWN
100000035,hZBPtHL,13961240371,1,hZBPtHL
100000036,amLICHH,18701805952,1,amLICHH
100000037,GDSYSSy,13818458698,1,GDSYSSy
100000038,wgvAZcQ,18623998435,1,wgvAZcQ
100000039,qMfLQgO,18750600310,1,qMfLQgO
100000040,fuWRBbu,15945930815,1,fuWRBbu
100000041,VCBOIuJ,13708915304,1,VCBOIuJ
100000042,LyLOqqA,18866655962,1,LyLOqqA
100000043,CkGWNdE,13605314674,1,CkGWNdE
100000044,cLcFvxY,18703047608,1,cLcFvxY
100000045,QAwglSK,18721408518,1,QAwglSK
100000046,zwmpaGC,15743571910,1,zwmpaGC
100000047,qwTWXxZ,15635244771,1,qwTWXxZ
100000048,VOgYbGG,13948667152,1,VOgYbGG
100000049,vJHsIXO,15693709687,1,vJHsIXO
100000050,QwiPsmK,15198505148,1,QwiPsmK
100000051,klWlHve,19905511068,1,klWlHve
100000052,uXWlOEc,18788328171,1,uXWlOEc
100000053,gpZnWbT,18621632546,1,gpZnWbT
100000054,OUlRzme,15124956589,1,OUlRzme
100000055,DxFisce,15614943465,1,DxFisce
100000056,KgJAjuc,19950345938,1,KgJAjuc
100000057,WizCUhQ,19945813000,1,WizCUhQ
100000058,UwYGusu,13558990851,1,UwYGusu
100000059,NpAmWEa,13389577845,1,NpAmWEa
100000060,LiibQlw,18068336702,1,LiibQlw
100000061,cywrxUn,15190599527,1,cywrxUn
100000062,kvobUsf,18072885150,1,kvobUsf
100000063,DhmgSmY,15530008689,1,DhmgSmY
100000064,WJjdlvc,15071543364,1,WJjdlvc
100000065,bCfsnfB,18024307846,1,bCfsnfB
100000066,DJrqEKq,18787502838,1,DJrqEKq
100000067,hFuGfaY,15792302168,1,hFuGfaY
100000068,AbxIWfN,18823859718,1,AbxIWfN
100000069,pbRuUut,18119597895,1,pbRuUut
100000070,jdhszhp,19984881653,1,jdhszhp
100000071,BupSwhC,15978385545,1,BupSwhC
100000072,QphKwCE,19961654420,1,QphKwCE
100000073,fPhOzCF,15167565058,1,fPhOzCF
100000074,XNjgfCg,13623681617,1,XNjgfCg
100000075,fUrQuwn,18172396120,1,fUrQuwn
100000076,oiatcdi,18177931092,1,oiatcdi
100000077,WAehZLm,19970086782,1,WAehZLm
100000078,vLBnBOx,18573255461,1,vLBnBOx
100000079,rrllcyb,18625560106,1,rrllcyb
100000080,iUUlNhQ,15612818881,1,iUUlNhQ
100000081,xEQiqPS,18761373249,1,xEQiqPS
100000082,pCnbzQh,15113634586,1,pCnbzQh
100000083,murgePr,13320424711,1,murgePr
100000084,HRBHCkB,18923320418,1,HRBHCkB
100000085,XYjBwzd,15098115856,1,XYjBwzd
100000086,cSuvfTf,15510118752,1,cSuvfTf
100000087,KiXxwDs,18781777584,1,KiXxwDs
100000088,nmkPLgU,13730470825,1,nmkPLgU
100000089,YQBDImh,15813025241,1,YQBDImh
100000090,PJFlkUw,19939391982,1,PJFlkUw
100000091,mRWratU,15106796129,1,mRWratU
100000092,aQnuYvN,13660685514,1,aQnuYvN
100000093,mFKRLrj,19975304652,1,mFKRLrj
100000094,jVzDjIW,18573051142,1,jVzDjIW
100000095,fbiaptR,15142457491,1,fbiaptR
100000096,gAzGHpo,13879766634,1,gAzGHpo
100000097,XmXqsIE,15125741484,1,XmXqsIE
100000098,CnxjMZa,18688496355,1,CnxjMZa
100000099,hhlybsY,13545171353,1,hhlybsY
100000100,vZQbAHQ,18882072811,1,vZQbAHQ
100000101,ChtoVlM,18160228222,1,ChtoVlM
100000102,UFxgHol,18130136101,1,UFxgHol
100000103,JyOozBp,18023782624,1,JyOozBp
100000104,BeDkUiB,18761766994,1,BeDkUiB
100000105,sggQXvG,15968593984,1,sggQXvG
100000106,ofBKmwn,19914216905,1,ofBKmwn
100000107,vSunTym,18588354047,1,vSunTym
100000108,oJCCLzs,15049749384,1,oJCCLzs
100000109,UZYasxl,15721363058,1,UZYasxl
100000110,grCNApe,18748922032,1,grCNApe
100000111,scKzYZF,15000117937,1,scKzYZF
100000112,zTjZbau,13900925800,1,zTjZbau
100000113,ygnIEJX,15692043845,1,ygnIEJX
100000114,dTphbUi,13687450573,1,dTphbUi
100000115,ugPICOS,19970517042,1,ugPICOS
100000116,UlSpptd,15771123587,1,UlSpptd
100000117,gQsLEcl,15158271718,1,gQsLEcl
100000118,ulUaPWu,18981552172,1,ulUaPWu
100000119,JJiSaHW,15122000072,1,JJiSaHW
100000120,DpVRSJP,15949434527,1,DpVRSJP
100000121,XFUUDHe,15576885502,1,XFUUDHe
100000122,VkXZibz,15669908566,1,VkXZibz
100000123,TMcykqS,13600680839,1,TMcykqS
100000124,GnOMDIQ,18830702341,1,GnOMDIQ
100000125,nzPkyHk,13959387383,1,nzPkyHk
100000126,pauPKCV,13927549891,1,pauPKCV
100000127,cVGShQg,18626765147,1,cVGShQg
100000128,frfgTFt,15833007908,1,frfgTFt
100000129,bhfrfpx,13683034623,1,bhfrfpx
100000130,PWLyCAP,13960019978,1,PWLyCAP
100000131,MkyalmF,13991244407,1,MkyalmF
100000132,UXiQTRv,13553735453,1,UXiQTRv
100000133,wJqcGPf,13991606389,1,wJqcGPf
100000134,KGYdCbV,13886496531,1,KGYdCbV
100000135,dGSWeAJ,13590736162,1,dGSWeAJ
100000136,iZBhtKv,15541829178,1,iZBhtKv
100000137,jkWWJbl,19921594764,1,jkWWJbl
100000138,exaMioB,13925767225,1,exaMioB
100000139,RitpyKL,15744737701,1,RitpyKL
100000140,cvCNSbS,18875191982,1,cvCNSbS
100000141,KSbLWwz,13634307217,1,KSbLWwz
100000142,lEBRVUW,15706879937,1,lEBRVUW
100000143,AewjfLI,15567074164,1,AewjfLI
100000144,zsIQsYG,15544804940,1,zsIQsYG
100000145,UkPmnTE,15520561657,1,UkPmnTE
100000146,CPBjvcN,13721886309,1,CPBjvcN
100000147,MfPzdvn,18710747071,1,MfPzdvn
100000148,PcFNLfr,13388381006,1,PcFNLfr
100000149,RrZLZpG,15549125926,1,RrZLZpG
100000150,YRzGcYC,13323275053,1,YRzGcYC
100000151,OMGUcZj,18720669634,1,OMGUcZj
100000152,uTzdAcT,18171861459,1,uTzdAcT
100000153,yZUDutK,18516423095,1,yZUDutK
100000154,XMuPAvX,15655655269,1,XMuPAvX
100000155,pcvSFpi,15688146278,1,pcvSFpi
100000156,sHmvBlA,18889790895,1,sHmvBlA
100000157,tXLKlRi,19983288056,1,tXLKlRi
100000158,dyxqIlB,13792643041,1,dyxqIlB
100000159,vPimJfW,15119644635,1,vPimJfW
100000160,LIcrdXs,13525360192,1,LIcrdXs
100000161,GNDdMYR,13357287738,1,GNDdMYR
100000162,WloOQuD,18936339422,1,WloOQuD
100000163,LTFbdoS,13705340010,1,LTFbdoS
100000164,pJlEoqH,13983556039,1,pJlEoqH
100000165,Xftlmza,18507835022,1,Xftlmza
100000166,feqpLGM,18626674968,1,feqpLGM
100000167,TstswPy,15726360323,1,TstswPy
100000168,ZxLfvzy,18692391465,1,ZxLfvzy
100000169,WhbSHcJ,13815048760,1,WhbSHcJ
100000170,iyNdoeC,15544259393,1,iyNdoeC
100000171,tBZqJNo,13989804760,1,tBZqJNo
100000172,csKmFYo,15552601671,1,csKmFYo
100000173,UxiVWFX,18138712604,1,UxiVWFX
100000174,ruDzTjl,15571731124,1,ruDzTjl
100000175,RShrjTc,13812025494,1,RShrjTc
100000176,DVMXmsi,15934567913,1,DVMXmsi
100000177,IheslfB,18873988296,1,IheslfB
100000178,HpWXsqC,13392731288,1,HpWXsqC
100000179,vfTppBr,15852932634,1,vfTppBr
100000180,NxeRBOU,18072588288,1,NxeRBOU
100000181,ViZwAvV,13833710334,1,ViZwAvV
100000182,mwkFskb,18876311902,1,mwkFskb
100000183,TQwtlDg,18683368325,1,TQwtlDg
100000184,HpzDuti,18815321337,1,HpzDuti
100000185,qdFxTGJ,15620989783,1,qdFxTGJ
100000186,TaNvezU,13791075369,1,TaNvezU
100000187,TMucmYD,18881730710,1,TMucmYD
100000188,tsYdNWe,15177072627,1,tsYdNWe
100000189,GDMzdwB,13919442399,1,GDMzdwB
100000190,YFzFRmt,13871817481,1,YFzFRmt
100000191,gBDAdbj,13699900696,1,gBDAdbj
100000192,lUiIdOY,13914922160,1,lUiIdOY
100000193,xhDtser,18153169722,1,xhDtser
100000194,YVgioqU,15741019288,1,YVgioqU
100000195,VYRZLdb,15159363674,1,VYRZLdb
100000196,nMkjuuU,15610822950,1,nMkjuuU
100000197,zGhLPpl,18184836391,1,zGhLPpl
100000198,RcjYLDf,15015861567,1,RcjYLDf
100000199,lRDmZxl,15065611732,1,lRDmZxl
100000200,LccQeAc,13505160543,1,LccQeAc
100000201,ujzeHAv,15097945275,1,ujzeHAv
100000202,Xgrfpzy,18784834066,1,Xgrfpzy
100000203,sSxDZbc,18711671618,1,sSxDZbc
100000204,sxQoFQy,18625184643,1,sxQoFQy
100000205,ylVXxkj,18181442112,1,ylVXxkj
100000206,mRuWOdq,15139719347,1,mRuWOdq
100000207,pBEpbtJ,15106927521,1,pBEpbtJ
100000208,uXPsEYh,13899320463,1,uXPsEYh
100000209,JCqlcPf,15641545751,1,JCqlcPf
100000210,xnNbCZR,19971185387,1,xnNbCZR
100000211,rRbRktl,15548029701,1,rRbRktl
100000212,rICRWqE,18139172504,1,rICRWqE
100000213,IakXsBC,15882510930,1,IakXsBC
100000214,XTluFbi,13921479325,1,XTluFbi
100000215,OJOIyEk,15647671516,1,OJOIyEk
100000216,avNbiBn,15605583140,1,avNbiBn
100000217,rpeOwfo,15066317747,1,rpeOwfo
100000218,fNUNbrK,18994034263,1,fNUNbrK
100000219,RZXHhDV,13875650151,1,RZXHhDV
100000220,rzyecnC,15915972006,1,rzyecnC
100000221,lKJJueM,13944893464,1,lKJJueM
100000222,GfqLpJy,13652289390,1,GfqLpJy
100000223,fCHvWjO,13801483894,1,fCHvWjO
100000224,wHRSkOp,13309596566,1,wHRSkOp
100000225,MjbHBYn,18727302033,1,MjbHBYn
100000226,kqYbaag,13588360156,1,kqYbaag
100000227,GleTmPk,13940419693,1,GleTmPk
100000228,rHnBiEm,13957027170,1,rHnBiEm
100000229,AALHWrL,13713257436,1,AALHWrL
100000230,hwMlEod,15721879701,1,hwMlEod
100000231,Axdleza,15066946730,1,Axdleza
100000232,XVmyPKr,18739905249,1,XVmyPKr
100000233,mbhuAqC,18117149039,1,mbhuAqC
100000234,RNzwqpJ,18789076002,1,RNzwqpJ
100000235,llCgeIH,13811479109,1,llCgeIH
100000236,sReYZRv,18509202941,1,sReYZRv
100000237,MCVZSYe,13741527083,1,MCVZSYe
100000238,OmLqyXF,13508837878,1,OmLqyXF
100000239,qgqbciG,15168870090,1,qgqbciG
100000240,NCxlJsD,13828768639,1,NCxlJsD
100000241,ofAbHRt,19956878790,1,ofAbHRt
100000242,zadJBRy,13707719379,1,zadJBRy
100000243,JoecHPA,18075530532,1,JoecHPA
100000244,PyMaXPX,15615590720,1,PyMaXPX
100000245,bpHGSwy,18728265716,1,bpHGSwy
100000246,BbDGHZj,15052617497,1,BbDGHZj
100000247,MXGhdFU,15973711833,1,MXGhdFU
100000248,cFlGBnz,15037627513,1,cFlGBnz
100000249,koJicsi,15553262390,1,koJicsi
100000250,CDQNRLp,18541676878,1,CDQNRLp
100000251,EBbUboU,18983306253,1,EBbUboU
100000252,QPivRAc,19983708518,1,QPivRAc
100000253,GUzWATZ,15892453233,1,GUzWATZ
100000254,OpNthhf,15567077709,1,OpNthhf
100000255,PvISPvA,15096715277,1,PvISPvA
100000256,JlNooQP,13571302854,1,JlNooQP
100000257,LjLzBxO,15948657155,1,LjLzBxO
100000258,TIoecFB,13371821865,1,TIoecFB
100000259,PlmFkIm,18654576637,1,PlmFkIm
100000260,bzHxnKN,15833106271,1,bzHxnKN
100000261,ewiEiaG,13910224305,1,ewiEiaG
100000262,WibIsBb,15655807718,1,WibIsBb
100000263,MDufuvZ,13566078926,1,MDufuvZ
100000264,iLrMgwW,15985426003,1,iLrMgwW
100000265,YkzAqJS,15024258349,1,YkzAqJS
100000266,stKuqOz,18727336464,1,stKuqOz
100000267,UOIUMjK,15820738100,1,UOIUMjK
100000268,Aozyucc,15891919879,1,Aozyucc
100000269,bMdIHqz,18807898300,1,bMdIHqz
100000270,uLjMItr,15844513740,1,uLjMItr
100000271,euJAYJA,13862018144,1,euJAYJA
100000272,jyZVrPh,18710411999,1,jyZVrPh
100000273,pywsPXU,13812835451,1,pywsPXU
100000274,FFneIWZ,18522501460,1,FFneIWZ
100000275,wEwqWWS,13677318264,1,wEwqWWS
100000276,HnIoEkQ,18845613433,1,HnIoEkQ
100000277,wJFkeMX,13998364593,1,wJFkeMX
100000278,OHufwKx,15138105381,1,OHufwKx
100000279,JlmPCIo,18027390261,1,JlmPCIo
100000280,xvTOngR,13649581845,1,xvTOngR
100000281,WToIDJz,18958834329,1,WToIDJz
100000282,luhfmQB,13903936024,1,luhfmQB
100000283,XqWugpR,15906979055,1,XqWugpR
100000284,HdPcRRb,19938893597,1,HdPcRRb
100000285,BREaGQi,15773917324,1,BREaGQi
100000286,aeQWMDR,15675276905,1,aeQWMDR
100000287,iwdjZbJ,18153963471,1,iwdjZbJ
100000288,sSVgSXb,15802059962,1,sSVgSXb
100000289,hGGcWoD,18678548193,1,hGGcWoD
100000290,gmHxgkd,15169525028,1,gmHxgkd
100000291,URDAklj,13510895141,1,URDAklj
100000292,tTjnGbw,18677367409,1,tTjnGbw
100000293,SaaiVMg,18870508195,1,SaaiVMg
100000294,CeplCrs,13668915938,1,CeplCrs
100000295,ZEyRKzZ,13732055190,1,ZEyRKzZ
100000296,ffQSSGG,18015431486,1,ffQSSGG
100000297,JXjuBjE,18545192734,1,JXjuBjE
100000298,NRwbLJA,18102796818,1,NRwbLJA
100000299,SOifHSD,18964934381,1,SOifHSD
100000300,gHPhkeZ,15086573118,1,gHPhkeZ
100000301,WTmPidb,15639633542,1,WTmPidb
100000302,cioPryk,13794065957,1,cioPryk
100000303,yRSoaCi,15176161088,1,yRSoaCi
100000304,ZmUspdN,15947355197,1,ZmUspdN
100000305,DoKpSnb,18575710806,1,DoKpSnb
100000306,vObHgMy,18840629186,1,vObHgMy
100000307,MGDdJkm,15889934581,1,MGDdJkm
100000308,RxXzIjk,15924028996,1,RxXzIjk
100000309,NIbhswx,19981814787,1,NIbhswx
100000310,ODfwaZY,13888031406,1,ODfwaZY
100000311,NEoQrQA,15039725328,1,NEoQrQA
100000312,cJyhMLh,13837166031,1,cJyhMLh
100000313,VFhNVWs,15607757691,1,VFhNVWs
100000314,zqOffUa,18091723606,1,zqOffUa
100000315,jgnmIoC,13587796105,1,jgnmIoC
100000316,HkWhrRl,15980556898,1,HkWhrRl
100000317,uhsLEIE,15999490428,1,uhsLEIE
100000318,EBvyiPQ,13515709269,1,EBvyiPQ
100000319,jdadfQk,18915440324,1,jdadfQk
100000320,cFeyLTw,13503310953,1,cFeyLTw
100000321,OoaMqPf,13530068823,1,OoaMqPf
100000322,XtOdXJS,15963840654,1,XtOdXJS
100000323,breIdip,19913244345,1,breIdip
100000324,rjvVWiY,15153961975,1,rjvVWiY
100000325,naAdUNb,13510651287,1,naAdUNb
100000326,XtuCDuF,19912783879,1,XtuCDuF
100000327,zVVkNab,18531171109,1,zVVkNab
100000328,vCBAhRl,15945326791,1,vCBAhRl
100000329,MAnFtzn,13897931653,1,MAnFtzn
100000330,jNscnOg,15975452089,1,jNscnOg
100000331,fklWLLk,18972419671,1,fklWLLk
100000332,cenOiJm,18141451069,1,cenOiJm
100000333,xXTyXyS,13510979630,1,xXTyXyS
100000334,myAcIXj,18177093113,1,myAcIXj
100000335,eyCiPlR,18919338712,1,eyCiPlR
100000336,qgWCTHl,13646300538,1,qgWCTHl
100000337,bAmRNAS,15083114887,1,bAmRNAS
100000338,mVoixoR,13355512998,1,mVoixoR
100000339,edFkIfB,15009339719,1,edFkIfB
100000340,PGIavqH,13677848109,1,PGIavqH
100000341,tEgSzQa,18689889742,1,tEgSzQa
100000342,vPAqciW,15527475462,1,vPAqciW
100000343,AMQbbJH,13824558618,1,AMQbbJH
100000344,RjbyskX,15855845880,1,RjbyskX
100000345,oXmlvQx,18522848723,1,oXmlvQx
100000346,MYUdvlg,18191935848,1,MYUdvlg
100000347,jdnAevZ,15699746938,1,jdnAevZ
100000348,KpaVYGg,15946308897,1,KpaVYGg
100000349,aMFPokf,15052409481,1,aMFPokf
100000350,JMuCcQW,18169887332,1,JMuCcQW
100000351,NNUUlBu,18579954668,1,NNUUlBu
100000352,aQMwZZS,15892797151,1,aQMwZZS
100000353,cEFpwAZ,15843756057,1,cEFpwAZ
100000354,AccyxSL,13515583274,1,AccyxSL
100000355,WhCsUen,15678406193,1,WhCsUen
100000356,LsIVktN,15675557993,1,LsIVktN
100000357,pkHWKMx,19944893494,1,pkHWKMx
100000358,KaTwBqK,15830303936,1,KaTwBqK
100000359,OXjWbNm,18953593242,1,OXjWbNm
100000360,tyBDxcJ,18601185487,1,tyBDxcJ
100000361,DuVZDtU,18029530783,1,DuVZDtU
100000362,SNGtQFL,18897340099,1,SNGtQFL
100000363,qwVdcXH,13573764384,1,qwVdcXH
100000364,cYqAJOu,13745690980,1,cYqAJOu
100000365,UrQdvcp,19900290074,1,UrQdvcp
100000366,oLpWBUt,18929595968,1,oLpWBUt
100000367,KtgYiTl,18110044058,1,KtgYiTl
100000368,PeXAVot,13788310188,1,PeXAVot
100000369,hHcKlVe,15606340070,1,hHcKlVe
100000370,QUmgvJW,15924837240,1,QUmgvJW
100000371,JZLlTIB,15972131831,1,JZLlTIB
100000372,HmvmavV,15786800344,1,HmvmavV
100000373,ossinBN,13925188136,1,ossinBN
100000374,HLigiLE,18543893330,1,HLigiLE
100000375,aZcIfEq,13687617215,1,aZcIfEq
100000376,htOZwYE,13644643905,1,htOZwYE
100000377,kYgsHVp,15795682619,1,kYgsHVp
100000378,kAiEsqv,15127450943,1,kAiEsqv
100000379,gfhXkON,18898274623,1,gfhXkON
100000380,qXLdXqx,13787126155,1,qXLdXqx
100000381,PWCFEsX,18035214707,1,PWCFEsX
100000382,sjRlMXe,18114207492,1,sjRlMXe
100000383,CWpLUyr,15924630725,1,CWpLUyr
100000384,ZpnzdBq,15021165175,1,ZpnzdBq
100000385,NWNMpRW,13399496171,1,NWNMpRW
100000386,LwGUqiU,18806338591,1,LwGUqiU
100000387,tboxKeJ,13303639552,1,tboxKeJ
100000388,jdcLDqf,18651510354,1,jdcLDqf
100000389,wFMkMqr,15711427041,1,wFMkMqr
100000390,PYmRGSF,15006898188,1,PYmRGSF
100000391,KNoZZWb,13537858535,1,KNoZZWb
100000392,DEVqzHp,19910643742,1,DEVqzHp
100000393,fRCaSAK,18747491520,1,fRCaSAK
100000394,KUPWGHB,13672882938,1,KUPWGHB
100000395,HKhDVxm,18599348719,1,HKhDVxm
100000396,slAhMRy,18942194881,1,slAhMRy
100000397,flORywy,18836333968,1,flORywy
100000398,gJRhkQh,13562955396,1,gJRhkQh
100000399,eOAxQfh,18054635584,1,eOAxQfh
100000400,DGrESxQ,19945723485,1,DGrESxQ
100000401,EYIiNsS,13966013853,1,EYIiNsS
100000402,gsiVuCO,13814025736,1,gsiVuCO
100000403,iyUEWyA,18676772547,1,iyUEWyA
100000404,vUojFsy,18838656799,1,vUojFsy
100000405,WPcRenu,18795553743,1,WPcRenu
100000406,ojaLheB,15965388871,1,ojaLheB
100000407,rXZDhoc,13682290269,1,rXZDhoc
100000408,cOriCGa,18124014040,1,cOriCGa
100000409,lRAmTWo,18022846925,1,lRAmTWo
100000410,waxaAzz,13680609766,1,waxaAzz
100000411,RlmDtzu,13603427452,1,RlmDtzu
100000412,RKhVVTf,15910376590,1,RKhVVTf
100000413,rTgFtzQ,15506765785,1,rTgFtzQ
100000414,DMcfxIO,18823859656,1,DMcfxIO
100000415,gGfELwK,15885568701,1,gGfELwK
100000416,ZuiksVi,18687103296,1,ZuiksVi
100000417,dbEIfRJ,19900671176,1,dbEIfRJ
100000418,xhLnKgk,15165498951,1,xhLnKgk
100000419,LDkuNrP,15638548525,1,LDkuNrP
100000420,hveBEuB,18581678672,1,hveBEuB
100000421,wLmjqmt,15143268420,1,wLmjqmt
100000422,hZlgWrl,13990454930,1,hZlgWrl
100000423,LVlXuzm,18724355782,1,LVlXuzm
100000424,dchsljm,13310578060,1,dchsljm
100000425,fXWvNuR,18673006669,1,fXWvNuR
100000426,svfjrKS,15094058350,1,svfjrKS
100000427,bfqNMDQ,18168219548,1,bfqNMDQ
100000428,NFivXWL,18193675340,1,NFivXWL
100000429,CcNFglK,18540199743,1,CcNFglK
100000430,oheWdwk,18631164055,1,oheWdwk
100000431,mRWNQJe,15803164396,1,mRWNQJe
100000432,TmNwYUi,13590476677,1,TmNwYUi
100000433,RdKOpMv,15753890828,1,RdKOpMv
100000434,LYwgJlL,13874982184,1,LYwgJlL
100000435,cpBOYTB,15182523618,1,cpBOYTB
100000436,NgscPyB,15555472663,1,NgscPyB
100000437,nfgXmVQ,18752119865,1,nfgXmVQ
100000438,IUKOMIO,15179810658,1,IUKOMIO
100000439,qpgwVty,13899383485,1,qpgwVty
100000440,FkxyLPQ,13370254105,1,FkxyLPQ
100000441,iJYyGIq,13973577167,1,iJYyGIq
100000442,vNUpcEo,15935224818,1,vNUpcEo
100000443,yDOFAAQ,18579597946,1,yDOFAAQ
100000444,unxUyLo,13342773878,1,unxUyLo
100000445,VvhIqyS,18141761981,1,VvhIqyS
100000446,QAXZciq,19954561990,1,QAXZciq
100000447,wKIqnCM,18006008899,1,wKIqnCM
100000448,YBPuszM,15619009757,1,YBPuszM
100000449,KPbfccO,13716655178,1,KPbfccO
100000450,NTEvcTB,13894876687,1,NTEvcTB
100000451,oLJAuOp,18082295632,1,oLJAuOp
100000452,jBPdGdk,13350903516,1,jBPdGdk
100000453,pniYHZv,19938073618,1,pniYHZv
100000454,Khyifds,18717579612,1,Khyifds
100000455,shAazQz,15056386095,1,shAazQz
100000456,QOBnwkX,18130941805,1,QOBnwkX
100000457,tNBlOyG,15623658324,1,tNBlOyG
100000458,XRRkVwq,18123738232,1,XRRkVwq
100000459,ZKIOTXO,13712709641,1,ZKIOTXO
100000460,dtaCYUG,18679728845,1,dtaCYUG
100000461,yhPFMMY,18535560867,1,yhPFMMY
100000462,mhGMWXx,13782304047,1,mhGMWXx
100000463,FpSYOmI,13705926387,1,FpSYOmI
100000464,XAKXmIn,18709024744,1,XAKXmIn
100000465,sWlCtME,15102280652,1,sWlCtME
100000466,LqrDZty,13551073277,1,LqrDZty
100000467,UJizDln,15713419406,1,UJizDln
100000468,DDuOxdP,15984244758,1,DDuOxdP
100000469,MGqtUvF,13812180138,1,MGqtUvF
100000470,vlYlnQG,13379462866,1,vlYlnQG
100000471,dgIjaXA,18779312504,1,dgIjaXA
100000472,ZdFTwSP,15572110354,1,ZdFTwSP
100000473,wNFlkZt,18053721548,1,wNFlkZt
100000474,FagmTJn,13863362929,1,FagmTJn
100000475,QSxcSOH,18611661421,1,QSxcSOH
100000476,xpyTtDu,15556314610,1,xpyTtDu
100000477,ROFtkwJ,15599452651,1,ROFtkwJ
100000478,wkevDun,15922935742,1,wkevDun
100000479,iCWFDgU,13965430594,1,iCWFDgU
100000480,njIdXno,13707576569,1,njIdXno
100000481,tNujWhC,13648294047,1,tNujWhC
100000482,sdkHZsG,18890068935,1,sdkHZsG
100000483,NaoWxOI,18196080245,1,NaoWxOI
100000484,XDsjSzQ,13520392193,1,XDsjSzQ
100000485,IVDasDh,15668558913,1,IVDasDh
100000486,MWfePLX,18522610571,1,MWfePLX
100000487,LTvAHvB,18753828690,1,LTvAHvB
100000488,giZChQY,18547639873,1,giZChQY
100000489,KxTgcUU,18175784349,1,KxTgcUU
100000490,vzZZlIt,13674491426,1,vzZZlIt
100000491,NLizbSq,15718358406,1,NLizbSq
100000492,NpmnEhK,13802131964,1,NpmnEhK
100000493,hmSSHYK,18162010346,1,hmSSHYK
100000494,cjYThLp,15111649231,1,cjYThLp
100000495,VTZejoW,18911185035,1,VTZejoW
100000496,SKOVYzb,18923048986,1,SKOVYzb
100000497,YsLxJul,19988759230,1,YsLxJul
100000498,nnvRGvM,18760765281,1,nnvRGvM
100000499,xCOmdxM,15800552543,1,xCOmdxM
,,,,
